Metal,Ligand,Multiplicity,fElectrons,CovalentRadius_pm,Electronegativity,SpinOrbit_eV,ADCH_metal,WBO_M_O_avg,WBO_M_C_avg,Ligand_propionate,HOMO_eV,LUMO_eV,Gap_eV,EA_eV,I_eV,Hardness_eV,Softness_inv_eV,ChemPot_eV,Electroph_eV,File
Th,propionate,1,0,206,1.3,0.18,1.10937391,1.0037587866666666,0.4211934566666667,1,-11.665672932710605,-5.531980019339679,6.1336929133709255,5.531980019339679,11.665672932710605,3.0668464566854627,0.3260678400837725,-8.598826476025142,12.054698174342652,Th Propionate M1.fchk
Pa,propionate,2,1,200,1.5,0.21,1.11938038,0.9837376983333334,0.4000035433333333,1,-8.932072690512136,-7.412777593499782,1.5192950970123542,7.412777593499782,8.932072690512136,0.7596475485061771,1.3163999567516125,-8.17242514200596,43.96021078000493,Pa Propionate M2.fchk
U,propionate,3,2,196,1.38,0.24,1.06529728,0.9563444416666668,0.37346958,1,-8.712983833266936,-7.474995475752715,1.2379883575142203,7.474995475752715,8.712983833266936,0.6189941787571103,1.615524078122864,-8.093989654509826,52.91864671397733,U Propionate M3 .fchk
Np,propionate,4,3,190,1.36,0.27,1.05806895,0.9544016183333333,0.37390047,1,-10.407737186874604,-7.052283189366902,3.355453997507702,7.052283189366902,10.407737186874604,1.677726998753851,0.5960445297374127,-8.730010188120753,22.713194083811068,Np Propionate M4.fchk
Pu,propionate,5,4,187,1.28,0.3,1.10048322,1.0539049116666668,0.2352621,1,-9.255891669896831,-7.960366196734784,1.2955254731620487,7.960366196734784,9.255891669896831,0.6477627365810243,1.5437751255623773,-8.60812893331581,57.1967786567174,Pu_propionate_M5.fchk
Am,propionate,2,5,180,1.3,0.33,1.13902503,1.0539560883333334,0.2388097433333333,1,-10.683979778546815,-9.4785210006065,1.2054587779403168,9.4785210006065,10.683979778546815,0.6027293889701584,1.6591193631832524,-10.08125038957666,84.30948554789272,Am Propionate M2.fchk
Cm,propionate,1,6,169,1.3,0.36,1.38369277,1.0208558850000002,0.22884743500000002,1,-11.86956379535524,-8.043539050519414,3.826024744835827,8.043539050519414,11.86956379535524,1.9130123724179136,0.5227357723442584,-9.956551422937329,25.910160767099025,Cm Propionate M1.fchk
Bk,propionate,2,7,168,1.3,0.39,1.06746197,0.9696815533333334,0.3657732233333333,1,-10.552807917009911,-8.9064496873041,1.6463582297058128,8.9064496873041,10.552807917009911,0.8231791148529064,1.2148024433038362,-9.729628802157006,57.50004763220878,Bk Propionate M2.fchk
Cf,propionate,3,8,168,1.3,0.42,1.22721916,0.9055218549999999,0.33441497000000003,1,-10.89855257970786,-9.368094065910864,1.5304585137969973,9.368094065910864,10.89855257970786,0.7652292568984986,1.3067979183820486,-10.133323322809362,67.09377656362425,Cf_propionate_M3.fchk
Es,propionate,4,9,165,1.3,0.45,1.15370774,0.8646019950000001,0.32455375000000003,1,-10.978106482390093,-9.93545944207588,1.0426470403142094,9.93545944207588,10.978106482390093,0.5213235201571047,1.918194674390756,-10.456782962232984,104.87183648101502,Es_propionate_M4.fchk
Fm,propionate,3,10,167,1.3,0.48,1.06201318,1.0263723183333333,0.2380650983333333,1,-11.21638701333825,-9.757283720393112,1.459103292945139,9.757283720393112,11.21638701333825,0.7295516464725695,1.370704877214747,-10.48683536686568,75.37075445136409,Fm_propionate_M3.fchk
Md,propionate,4,11,173,1.3,0.51,1.07745885,0.7935745266666667,0.29778513666666667,1,-11.637144569793085,-9.807253186257611,1.82989138353547,9.807253186257611,11.637144569793085,0.914945691767735,1.0929610456637426,-10.722198878025347,62.82643320490809,Md_propionate_M4.fchk
No,propionate,3,12,176,1.3,0.54,1.03442082,0.7044058366666666,0.25157043,1,-11.49949585410191,-10.338173944652588,1.161321909449322,10.338173944652588,11.49949585410191,0.5806609547246611,1.7221753793901675,-10.918834899377249,102.65969718627886,No_propionate_M3.fchk
Lr,propionate,2,13,161,1.3,0.57,0.83641599,0.7603328366666666,0.2950296533333333,1,-11.415434711824668,-10.804160035991831,0.6112746758328367,10.804160035991831,11.415434711824668,0.3056373379164183,3.271851557199032,-11.10979737390825,201.9183888505337,Lr Propionate M2.fchk
Th,acrylate,1,0,206,1.3,0.18,1.10368971,1.0068443683333335,0.235477495,0,-10.95672619689137,-5.948794564293309,5.007931632598061,5.948794564293309,10.95672619689137,2.5039658162990306,0.3993664743706618,-8.45276038059234,14.267199173932111,Th Acrylate M1.fchk
Pa,acrylate,2,1,200,1.5,0.21,1.07202065,0.9868892216666668,0.39742308333333337,0,-8.739418361646987,-7.242546372088459,1.496871989558528,7.242546372088459,8.739418361646987,0.748435994779264,1.3361195973677478,-7.990982366867723,42.65949235005983,Pa Acrylate M2.fchk
U,acrylate,3,2,196,1.38,0.24,0.90851937,0.9730853549999999,0.37981680333333334,0,-8.552254093225281,-7.268146544943435,1.2841075482818465,7.268146544943435,8.552254093225281,0.6420537741409231,1.5575019418552811,-7.910200319084359,48.7274365544876,U Acrylate M3.fchk
Np,acrylate,4,3,190,1.36,0.27,1.05837025,0.9563688033333335,0.37093279333333334,0,-10.18292773432168,-6.890326651187734,3.2926010831339463,6.890326651187734,10.18292773432168,1.6463005415669731,0.6074225056429765,-8.536627192754707,22.13265500074384,Np Acrylate M4.fchk
Pu,acrylate,5,4,187,1.28,0.3,1.09557872,1.0576149049999999,0.23809288500000003,0,-9.06107836243554,-7.760687738315185,1.3003906241203564,7.760687738315185,9.06107836243554,0.6501953120601782,1.5379994002593576,-8.410883050375363,54.40131017166117,Pu_acrylate_M5.fchk
Am,acrylate,2,5,180,1.3,0.33,0.88059971,1.0700361866666668,0.24369589333333333,0,-10.408992556967675,-8.693430411395225,1.715562145572452,8.693430411395225,10.408992556967675,0.8577810727862261,1.1657986305897627,-9.55121148418145,53.175363568726496,Am Acrylate M2.fchk
Cm,acrylate,1,6,169,1.3,0.36,1.51811291,1.0225194816666667,0.23178984833333335,0,-11.107958292368814,-7.82555772390581,3.282400568463004,7.82555772390581,11.107958292368814,1.641200284231502,0.6093101552613085,-9.466758008137312,27.303037918555013,Cm Acrylate M1.fchk
Bk,acrylate,2,7,168,1.3,0.39,1.22234461,0.972743255,0.3647514633333333,0,-10.278871517533435,-8.689957939184987,1.5889135783484498,8.689957939184987,10.278871517533435,0.7944567891742249,1.2587216996904529,-9.484414728359212,56.61360313442431,Bk Acrylate M2.fchk
Cf,acrylate,3,8,168,1.3,0.42,1.15008657,0.9079905516666668,0.33364335,0,-10.666776849007649,-9.144766545452896,1.522010303554751,9.144766545452896,10.666776849007649,0.7610051517773755,1.3140515509841648,-9.905771697230271,64.47020278934563,Cf_acrylate_M3.fchk
Es,acrylate,4,9,165,1.3,0.45,1.22523344,0.8677134533333334,0.3239348633333333,0,-10.770658955506171,-9.701193053192574,1.069465902313599,9.701193053192574,10.770658955506171,0.5347329511567995,1.8700923476600384,-10.235926004349372,97.9686972159238,Es_acrylate_M4.fchk
Fm,acrylate,3,10,167,1.3,0.48,1.05281095,1.0282498816666665,0.24239650833333334,0,-10.982166774966014,-9.533843653641632,1.448323121324382,9.533843653641632,10.982166774966014,0.724161560662191,1.3809073200261772,-10.258005214303823,72.6541401068448,Fm_acrylate_M3.fchk
Md,acrylate,4,11,173,1.3,0.51,1.13606258,0.7964995483333333,0.29648152,0,-11.109198641776675,-9.58181245675517,1.5273861850215074,9.58181245675517,11.109198641776675,0.7636930925107537,1.309426535091934,-10.345505549265924,70.07362389387129,Md_acrylate_M4.fchk
No,acrylate,3,12,176,1.3,0.54,0.94720682,0.7092935950000001,0.2515831533333333,0,-11.095394822550428,-10.154620137380777,0.9407746851696536,10.154620137380777,11.095394822550428,0.4703873425848268,2.1259075435680246,-10.625007479965602,119.99768459858902,No_acrylate_M3.fchk
Lr,acrylate,2,13,161,1.3,0.57,0.83524599,0.7619464383333333,0.1758649733333333,0,-11.115917214674973,-10.576288622201576,0.5396285924733952,10.576288622201576,11.115917214674973,0.2698142962366976,3.706252833699882,-10.846102918438277,217.9979900215444,Lr Acrylate M2.fchk
